X,Y,OBJECTID,Geocode_Address,Geocode_Street,Case_Number,OccurredFrom_Date_Year,OccurredFrom_Date_Month,OccurredFrom_Time,OccurredFrom_Timestamp,OccurredThrough_Date_Year,OccurredThrough_Date_Month,OccurredThrough_Time,OccurredThrough_Timestamp,Reported_Date_Year,Reported_Date_Month,Reported_Time,Reported_Timestamp,Address_StreetFull,Address_City,Address_State,Patrol_Beat,Patrol_Section,Case_Status,Statute_Title,Statute_Section,Statute_Subsection,Statute_Degree,Statute_Class,Statute_Category,Statute_Text,Statute_Description,Statute_CrimeCategory,Statute_Attempted,Weapon_Description,Larceny_Type,Location_Type,Geo_Beat,Geo_Section,Geo_Section_Num
-77.5821340873323,43.1618223218709,1,"1115 E Main St, Rochester, NY, 14609",1115 E MAIN ST,2021-00045124,2021,3,0100,2021/03/08 01:00:00+00,2021,3,0200,2021/03/08 02:00:00+00,2021,3,0800,2021/03/12 13:00:00+00,1115 E MAIN ST,Rochester,NY,225,Goodman,Field,PL ,140.20   ,      ,3,D,F,Burglary,Burglary 3rd: Illegal Entry with Intent to Commit a Crime   ,5,Completed,* No Weapon Specified *,* No Larceny Type Specified *,Other Business Office,225,Goodman,5
-77.5867439999369,43.1817623632471,2,"870 Portland Ave, Rochester, NY, 14621",870 PORTLAND AVE,2021-00045183,2021,3,1136,2021/03/07 11:36:00+00,2021,3,1136,2021/03/07 11:36:00+00,2021,3,1014,2021/03/12 15:14:00+00,870 PORTLAND AVE,Rochester,NY,237,Clinton,Field,PL ,155.25   ,      ,0,A,M,Larceny,Petit Larceny                                               ,6,Completed,* No Weapon Specified *,All Other Larcenies,Multiple Dwelling,237,Clinton,7
-77.5467328509551,43.1484528217736,5,"7 Bobrich Dr, Rochester, NY, 14610",7 BOBRICH DR,2021-00041678,2021,3,2030,2021/03/05 20:30:00+00,2021,3,1730,2021/03/07 17:30:00+00,2021,3,1736,2021/03/07 22:36:00+00,7 BOBRICH DR,Rochester,NY,235,Goodman,Office,PL ,155.25   ,      ,0,A,M,Larceny,Petit Larceny                                               ,6,Completed,* No Weapon Specified *,Theft from Motor Vehicle,Parking Lot,235,Goodman,5
-77.6291616503137,43.1729496044086,12,"471 Lake Ave, Rochester, NY, 14613",471 LAKE AVE,2021-00044355,2021,3,1300,2021/03/10 13:00:00+00,2021,3,0900,2021/03/11 09:00:00+00,2021,3,0950,2021/03/11 14:50:00+00,471 LAKE AVE,Rochester,NY,271,Lake,Office,PL ,155.25   ,      ,0,A,M,Larceny,Petit Larceny                                               ,6,Completed,* No Weapon Specified *,Theft from Motor Vehicle,Auto Shop,271,Lake,1
-77.5863506687983,43.1600061788537,27,"27 Birch Cres, Rochester, NY, 14607",27 BIRCH CRES,2021-00041994,2021,3,1400,2021/03/07 14:00:00+00,2021,3,0800,2021/03/08 08:00:00+00,2021,3,0835,2021/03/08 13:35:00+00,27 BIRCH CRES,Rochester,NY,225,Goodman,Office,PL ,155.25   ,      ,0,A,M,Larceny,Petit Larceny                                               ,6,Completed,* No Weapon Specified *,Theft from Motor Vehicle,Parking Lot,225,Goodman,5
-77.6473878844035,43.1652752596044,28,"35 Rutter St, Rochester, NY, 14606",35 RUTTER ST,2021-00042759,2021,3,1603,2021/03/08 16:03:00+00,2021,3,1607,2021/03/08 16:07:00+00,2021,3,1110,2021/03/09 16:10:00+00,35 RUTTER ST,Rochester,NY,261,Lake,Office,PL ,155.25   ,      ,0,A,M,Larceny,Petit Larceny                                               ,6,Completed,* No Weapon Specified *,Theft from Building,Other Retail Store,261,Lake,1
-77.5633566256743,43.1455335400507,29,"1211 Park Ave, Rochester, NY, 14610",1211 PARK AVE,2021-00042692,2021,3,1237,2021/03/04 12:37:00+00,2021,3,1340,2021/03/04 13:40:00+00,2021,3,0930,2021/03/09 14:30:00+00,1211 PARK AVE,Rochester,NY,255,Goodman,Office,PL ,155.25   ,      ,0,A,M,Larceny,Petit Larceny                                               ,6,Completed,* No Weapon Specified *,All Other Larcenies,Multiple Dwelling,255,Goodman,5
-77.6393276464739,43.190790730821,37,"169 Electric Ave, Rochester, NY, 14613",169 ELECTRIC AVE,2021-00042532,2021,3,2340,2021/03/08 23:40:00+00,2021,3,2340,2021/03/08 23:40:00+00,2021,3,2340,2021/03/09 04:40:00+00,169 ELECTRIC AVE,Rochester,NY,221,Lake,Field,PL ,160.15   ,04    ,1,B,F,Robbery,Robbery 1st: Displays What Appears To Be a Firearm          ,3,Completed,"Revolver, Derringer, or Single-shot Pistol",* No Larceny Type Specified *,Street,221,Lake,1
-77.6243579257203,43.1236079462745,42,"601 Elmwood Ave, Rochester, NY, 14620",601 ELMWOOD AVE,2021-00040146,2021,3,1500,2021/03/04 15:00:00+00,2021,3,0630,2021/03/05 06:30:00+00,2021,3,0643,2021/03/05 11:43:00+00,601 ELMWOOD AVE,Rochester,NY,263,Genesee,Office,PL ,155.25   ,      ,0,A,M,Larceny,Petit Larceny                                               ,6,Completed,* No Weapon Specified *,Theft from Building,Hospital,263,Genesee,3
-77.6448599555532,43.1661891753692,50,"71 Warner St, Rochester, NY, 14606",71 WARNER ST,2021-00040956,2021,3,0900,2021/03/06 09:00:00+00,2021,3,0932,2021/03/06 09:32:00+00,2021,3,0932,2021/03/06 14:32:00+00,71 WARNER ST,Rochester,NY,261,Lake,Office,PL ,140.25   ,02    ,2,C,F,Burglary,Burglary 2nd: Illegal Entry: Dwelling                       ,5,Completed,* No Weapon Specified *,* No Larceny Type Specified *,Multiple Dwelling,261,Lake,1
-77.6018015152543,43.1492369419459,52,"382 Broadway, Rochester, NY, 14607",382 BROADWAY ST,2021-00041742,2021,3,1400,2021/03/07 14:00:00+00,2021,3,1503,2021/03/07 15:03:00+00,2021,3,1922,2021/03/08 00:22:00+00,382 BROADWAY ST,Rochester,NY,***,***,Warrant Advised,PL ,155.25   ,      ,0,A,M,Larceny,Petit Larceny                                               ,6,Completed,* No Weapon Specified *,All Other Larcenies,Single Family Home,229,Central,9
-77.5982450079282,43.1532063081188,138,"61 S Union St, Rochester, NY, 14607",61 S UNION ST,2021-00041944,2021,3,1000,2021/03/07 10:00:00+00,2021,3,0612,2021/03/08 06:12:00+00,2021,3,0612,2021/03/08 11:12:00+00,61 S UNION ST,Rochester,NY,229,Central,Office,PL ,140.20   ,      ,3,D,F,Burglary,Burglary 3rd: Illegal Entry with Intent to Commit a Crime   ,5,Completed,* No Weapon Specified *,* No Larceny Type Specified *,Construction Site,229,Central,9
-77.5493096231989,43.1445067114761,956,"78 Rockwood St, Rochester, NY, 14610",78 ROCKWOOD ST,2021-00043564,2021,3,0945,2021/03/10 09:45:00+00,2021,3,1015,2021/03/10 10:15:00+00,2021,3,1310,2021/03/10 18:10:00+00,78 ROCKWOOD ST,Rochester,NY,255,Goodman,Office,PL ,155.25   ,      ,0,A,M,Larceny,Petit Larceny                                               ,6,Completed,* No Weapon Specified *,All Other Larcenies,Other Public Access Building,255,Goodman,5
-77.6360617569037,43.1818515923643,995,"150 Selye Ter, Rochester, NY, 14613",150 SELYE TER,2021-00041125,2021,3,1756,2021/03/06 17:56:00+00,2021,3,1815,2021/03/06 18:15:00+00,2021,3,1807,2021/03/06 23:07:00+00,150 SELYE TER,Rochester,NY,231,Lake,Cleared by Arrest - Adult,PL ,120.05   ,02    ,2,D,F,Aggravated Assault,Assault 2nd: Intent To Cause Physical Injury with Weapon/Ins,4,Completed,Knife/Cutting Instrument,* No Larceny Type Specified *,Multiple Dwelling,231,Lake,1
-77.5865914811649,43.1501489089256,1113,"267 Oxford St, Rochester, NY, 14607",267 OXFORD ST,2021-00044352,2021,3,1830,2021/03/10 18:30:00+00,2021,3,0820,2021/03/11 08:20:00+00,2021,3,0820,2021/03/11 13:20:00+00,267 OXFORD ST,Rochester,NY,245,Goodman,Office,PL ,155.30   ,08    ,4,E,F,Motor Vehicle Theft,Grand Larceny 4th: Motor Vehicle Value Exceeds $100         ,7,Completed,* No Weapon Specified *,Motor Vehicle Theft,Street,245,Goodman,5
-77.6036453712988,43.1448942424369,1662,"239 Hamilton St, Rochester, NY, 14620",239 HAMILTON ST,2021-00044121,2021,3,1111,2021/03/10 11:11:00+00,2021,3,1111,2021/03/10 11:11:00+00,2021,3,2108,2021/03/11 02:08:00+00,239 HAMILTON ST,Rochester,NY,229,Central,Field,PL ,155.25   ,      ,0,A,M,Larceny,Petit Larceny                                               ,6,Completed,* No Weapon Specified *,All Other Larcenies,Other Outside Location,229,Central,9
-77.6267009982442,43.1298190003708,4519,"500 Joseph C Wilson Blvd, Rochester, NY, 14620",500 JOSEPH C WILSON BLVD,2021-00041170,2021,3,1933,2021/03/06 19:33:00+00,2021,3,2009,2021/03/06 20:09:00+00,2021,3,1933,2021/03/07 00:33:00+00,500 JOSEPH C WILSON BLVD,Rochester,NY,263,Genesee,Office,PL ,155.25   ,      ,0,A,M,Larceny,Petit Larceny                                               ,6,Completed,* No Weapon Specified *,Theft from Building,College,263,Genesee,3
-77.6455588038966,43.1966240777438,4777,"620 Pullman Ave, Rochester, NY, 14615",620 PULLMAN AVE,2021-00042647,2021,3,2026,2021/03/08 20:26:00+00,2021,3,0140,2021/03/09 01:40:00+00,2021,3,0743,2021/03/09 12:43:00+00,620 PULLMAN AVE,Rochester,NY,211,Lake,Office,PL ,155.30   ,01    ,4,E,F,Larceny,Grand Larceny 4th: Value Property Greater Than $1000        ,6,Completed,* No Weapon Specified *,Theft from Motor Vehicle,Other Commercial Service Location,211,Lake,1
-77.6153647672631,43.111062231846,5415,"450 E Henrietta Rd, Rochester, NY, 14620",450 E HENRIETTA ROAD,2021-00041486,2021,3,1018,2021/03/07 10:18:00+00,2021,3,1018,2021/03/07 10:18:00+00,2021,3,1018,2021/03/07 15:18:00+00,450 E HENRIETTA ROAD,Rochester,NY,263,Genesee,Office,PL ,155.25   ,      ,0,A,M,Larceny,Petit Larceny                                               ,6,Completed,* No Weapon Specified *,Shoplifting,Sporting Goods,263,Genesee,3
-77.6243579257203,43.1236079462745,5811,"601 Elmwood Ave, Rochester, NY, 14620",601 ELMWOOD AVE,2021-00043088,2021,3,2000,2021/03/05 20:00:00+00,2021,3,1955,2021/03/09 19:55:00+00,2021,3,1931,2021/03/10 00:31:00+00,601 ELMWOOD AVE,Rochester,NY,263,Genesee,Office,PL ,155.25   ,      ,0,A,M,Larceny,Petit Larceny                                               ,6,Completed,* No Weapon Specified *,All Other Larcenies,Hospital,263,Genesee,3
-77.5624688034277,43.1862014688446,5848,"257 Crossfield Rd, Rochester, NY, 14609",257 CROSSFIELD ROAD,2021-00045278,2021,3,1900,2021/03/11 19:00:00+00,2021,3,1000,2021/03/12 10:00:00+00,2021,3,1040,2021/03/12 15:40:00+00,257 CROSSFIELD ROAD,Rochester,NY,205,Goodman,Office,PL ,155.30   ,08    ,4,E,F,Motor Vehicle Theft,Grand Larceny 4th: Motor Vehicle Value Exceeds $100         ,7,Completed,* No Weapon Specified *,Motor Vehicle Theft,Yard,205,Goodman,5
-77.645760161528,43.159493336352,7009,"926 Jay St, Rochester, NY, 14606",926 JAY ST,2021-00039684,2021,3,1530,2021/03/03 15:30:00+00,2021,3,1545,2021/03/03 15:45:00+00,2021,3,1330,2021/03/04 18:30:00+00,926 JAY ST,Rochester,NY,281,Lake,Exceptional Clearance,PL ,120.14   ,01    ,2,A,M,Aggravated Assault,Menacing 2nd: Weapon                                        ,4,Completed,Knife/Cutting Instrument,* No Larceny Type Specified *,Multiple Dwelling,281,Lake,1
-77.6211579326334,43.1876542201913,7265,"1732 St Paul St, Rochester, NY, 14621",1732 ST PAUL ST,2021-00040403,2021,3,0930,2021/03/05 09:30:00+00,2021,3,0930,2021/03/05 09:30:00+00,2021,3,1010,2021/03/05 15:10:00+00,1732 ST PAUL ST,Rochester,NY,207,Clinton,Office,PL ,155.30   ,08    ,4,E,F,Motor Vehicle Theft,Grand Larceny 4th: Motor Vehicle Value Exceeds $100         ,7,Completed,* No Weapon Specified *,Motor Vehicle Theft,Yard,207,Clinton,7
-77.5890218212235,43.1605410516979,7707,"875 E Main St, Rochester, NY, 14607",875 E MAIN ST,2021-00039551,2021,3,1516,2021/03/03 15:16:00+00,2021,3,1531,2021/03/03 15:31:00+00,2021,3,1008,2021/03/04 15:08:00+00,875 E MAIN ST,Rochester,NY,225,Goodman,Office,PL ,140.20   ,      ,3,D,F,Burglary,Burglary 3rd: Illegal Entry with Intent to Commit a Crime   ,5,Completed,* No Weapon Specified *,* No Larceny Type Specified *,Other Building,225,Goodman,5
-77.6394602538056,43.1918113975077,8316,"348 Clay Ave, Rochester, NY, 14615",348 CLAY AVE,2021-00040148,2021,3,0718,2021/03/05 07:18:00+00,2021,3,0718,2021/03/05 07:18:00+00,2021,3,0718,2021/03/05 12:18:00+00,348 CLAY AVE,Rochester,NY,221,Lake,Cleared by Arrest - Adult,PL ,120.14   ,01    ,2,A,M,Aggravated Assault,Menacing 2nd: Weapon                                        ,4,Completed,Knife/Cutting Instrument,* No Larceny Type Specified *,Single Family Home,221,Lake,1
-77.6332385167326,43.1922351220128,9187,"311 Flower City Park, Rochester, NY, 14613",311 FLOWER CITY PARK,2021-00043359,2021,3,0555,2021/03/10 05:55:00+00,2021,3,0645,2021/03/10 06:45:00+00,2021,3,0652,2021/03/10 11:52:00+00,311 FLOWER CITY PARK,Rochester,NY,231,Lake,Office,PL ,140.20   ,      ,3,D,F,Burglary,Burglary 3rd: Illegal Entry with Intent to Commit a Crime   ,5,Completed,* No Weapon Specified *,* No Larceny Type Specified *,School,231,Lake,1
-77.6395409302961,43.1737179551204,9726,"501 Dewey Ave, Rochester, NY, 14606",501 DEWEY AVE,2021-00038933,2021,3,1245,2021/03/03 12:45:00+00,2021,3,1245,2021/03/03 12:45:00+00,2021,3,1315,2021/03/03 18:15:00+00,501 DEWEY AVE,***,NY,261,Lake,Field,PL ,155.25   ,      ,0,A,M,Larceny,Petit Larceny                                               ,6,Completed,* No Weapon Specified *,Shoplifting,Variety/Convenience Store,261,Lake,1
-77.6187637662973,43.1612555393434,9753,"312 State St, Rochester, NY, 14608",312 STATE ST,2021-00039495,2021,3,1800,2021/03/03 18:00:00+00,2021,3,0800,2021/03/04 08:00:00+00,2021,3,0915,2021/03/04 14:15:00+00,312 STATE ST,Rochester,NY,209,Central,Office,PL ,155.30   ,04    ,4,E,F,Larceny,Grand Larceny 4th: Credit Card                              ,6,Completed,* No Weapon Specified *,All Other Larcenies,Multiple Dwelling,209,Central,9
-77.6339342357182,43.177240270432,11508,"158 Glenwood Ave, Rochester, NY, 14613",158 GLENWOOD AVE,2021-00043380,2021,3,0453,2021/03/10 04:53:00+00,2021,3,0453,2021/03/10 04:53:00+00,2021,3,0453,2021/03/10 09:53:00+00,158 GLENWOOD AVE,Rochester,NY,251,Lake,Office,PL ,155.30   ,08    ,4,E,F,Motor Vehicle Theft,Grand Larceny 4th: Motor Vehicle Value Exceeds $100         ,7,Completed,* No Weapon Specified *,Motor Vehicle Theft,Other Outside Location,251,Lake,1
-77.6069474353863,43.1909121158344,12138,"300 Bremen St, Rochester, NY, 14621",300 BREMEN ST,2021-00040686,2021,3,2305,2021/03/05 23:05:00+00,2021,3,2305,2021/03/05 23:05:00+00,2021,3,2305,2021/03/06 04:05:00+00,300 BREMEN ST,Rochester,NY,227,Clinton,Office,PL ,155.30   ,08    ,4,E,F,Motor Vehicle Theft,Grand Larceny 4th: Motor Vehicle Value Exceeds $100         ,7,Completed,* No Weapon Specified *,Motor Vehicle Theft,Parking Lot,227,Clinton,7
-77.5757411548445,43.1749560537243,12680,"195 Winterroth St, Rochester, NY, 14609",195 WINTERROTH ST,2021-00038786,2021,3,2200,2021/03/02 22:00:00+00,2021,3,0815,2021/03/03 08:15:00+00,2021,3,0300,2021/03/03 08:00:00+00,195 WINTERROTH ST,***,NY,205,Goodman,Office,PL ,155.25   ,      ,0,A,M,Larceny,Petit Larceny                                               ,6,Completed,* No Weapon Specified *,Theft from Motor Vehicle,Other Outside Location,205,Goodman,5
-77.6292878986923,43.1881734467159,13441,"369 Maplewood Ave, Rochester, NY, 14613",369 MAPLEWOOD AVE,2021-00044526,2021,3,0200,2021/03/10 02:00:00+00,2021,3,0900,2021/03/10 09:00:00+00,2021,3,1420,2021/03/11 19:20:00+00,369 MAPLEWOOD AVE,Rochester,NY,231,Lake,Office,PL ,155.25   ,      ,0,A,M,Larceny,Petit Larceny                                               ,6,Completed,* No Weapon Specified *,All Other Larcenies,Other Outside Location,231,Lake,1
-77.5495553296951,43.1579780487231,14187,"89 Mayfield St, Rochester, NY, 14609",89 MAYFIELD ST,2021-00042442,2021,3,1700,2021/03/06 17:00:00+00,2021,3,2000,2021/03/06 20:00:00+00,2021,3,1947,2021/03/09 00:47:00+00,89 MAYFIELD ST,Rochester,NY,235,Goodman,Office,PL ,140.25   ,02    ,2,C,F,Burglary,Burglary 2nd: Illegal Entry: Dwelling                       ,5,Completed,* No Weapon Specified *,* No Larceny Type Specified *,Single Family Home,235,Goodman,5
-77.6182647737477,43.1545937281991,14316,"210 W Main St, Rochester, NY, 14614",210 W MAIN ST,2021-00043268,2021,3,2145,2021/03/09 21:45:00+00,2021,3,2200,2021/03/09 22:00:00+00,2021,3,0041,2021/03/10 05:41:00+00,210 W MAIN ST,Rochester,NY,209,Central,Office,PL ,155.25   ,      ,0,A,M,Larceny,Petit Larceny                                               ,6,Completed,* No Weapon Specified *,All Other Larcenies,Other Residential,209,Central,9
-77.6211579326334,43.1876542201913,16225,"1732 St Paul St, Rochester, NY, 14621",1732 ST PAUL ST,2021-00042092,2021,3,1139,2021/03/08 11:39:00+00,2021,3,1139,2021/03/08 11:39:00+00,2021,3,1139,2021/03/08 16:39:00+00,1732 ST PAUL ST,***,NY,207,Clinton,Office,PL ,120.14   ,01    ,2,A,M,Aggravated Assault,Menacing 2nd: Weapon                                        ,4,Completed,Knife/Cutting Instrument,* No Larceny Type Specified *,Multiple Dwelling,207,Clinton,7
-77.6370003821612,43.145182557465,17485,"17 Superior Ter, Rochester, NY, 14611",17 SUPERIOR TER,2021-00043389,2021,3,0815,2021/03/10 08:15:00+00,2021,3,0815,2021/03/10 08:15:00+00,2021,3,0844,2021/03/10 13:44:00+00,17 SUPERIOR TER,***,NY,223,Genesee,Field,PL ,160.10   ,02B   ,2,C,F,Robbery,Robbery 2nd: Displays What Appears To Be a Firearm          ,3,Completed,Firearm,* No Larceny Type Specified *,Single Family Home,223,Genesee,3
-77.5790250860645,43.1608397621536,21341,"1237 E Main St, Rochester, NY, 14609",1237 E MAIN ST,2021-00038176,2021,3,1100,2021/03/01 11:00:00+00,2021,3,1230,2021/03/01 12:30:00+00,2021,3,1115,2021/03/02 16:15:00+00,1237 E MAIN ST,***,NY,225,Goodman,Office,PL ,155.30   ,01    ,4,E,F,Larceny,Grand Larceny 4th: Value Property Greater Than $1000        ,6,Completed,* No Weapon Specified *,Theft from Building,Multiple Dwelling,225,Goodman,5
-77.6084493906231,43.1533808430829,23779,"99 Court St, Rochester, NY, 14604",99 COURT ST,2021-00041818,2021,3,1600,2021/03/07 16:00:00+00,2021,3,2221,2021/03/07 22:21:00+00,2021,3,2221,2021/03/08 03:21:00+00,99 COURT ST,Rochester,NY,219,Central,Office,PL ,155.30   ,08    ,4,E,F,Motor Vehicle Theft,Grand Larceny 4th: Motor Vehicle Value Exceeds $100         ,7,Completed,* No Weapon Specified *,Motor Vehicle Theft,Street,219,Central,9
-77.6050949677885,43.1717176581569,24773,"492 Upper Falls Blvd, Rochester, NY, 14605",492 UPPER FALLS BLVD,2021-00038352,2021,3,2000,2021/03/01 20:00:00+00,2021,3,1145,2021/03/02 11:45:00+00,2021,3,1548,2021/03/02 20:48:00+00,492 UPPER FALLS BLVD,***,NY,277,Clinton,Office,PL ,155.30   ,08    ,4,E,F,Motor Vehicle Theft,Grand Larceny 4th: Motor Vehicle Value Exceeds $100         ,7,Completed,* No Weapon Specified *,Motor Vehicle Theft,Multiple Dwelling,277,Clinton,7
-77.5766524598504,43.1705981122712,25131,"147 Ackerman St, Rochester, NY, 14609",147 ACKERMAN ST,2021-00043898,2021,3,1925,2021/03/10 19:25:00+00,2021,3,1925,2021/03/10 19:25:00+00,2021,3,1925,2021/03/11 00:25:00+00,147 ACKERMAN ST,Rochester,NY,215,Goodman,Cleared by Arrest - Adult,PL ,120.14   ,01    ,2,A,M,Aggravated Assault,Menacing 2nd: Weapon                                        ,4,Completed,Knife/Cutting Instrument,* No Larceny Type Specified *,Single Family Home,215,Goodman,5
-77.6345578603187,43.1319600462673,25186,"1400 S Plymouth Ave, Rochester, NY, 14611",1400 S PLYMOUTH AVE,2021-00042019,2021,3,1918,2021/03/07 19:18:00+00,2021,3,0600,2021/03/08 06:00:00+00,2021,3,0945,2021/03/08 14:45:00+00,1400 S PLYMOUTH AVE,Rochester,NY,253,Genesee,Office,PL ,155.25   ,      ,0,A,M,Larceny,Petit Larceny                                               ,6,Completed,* No Weapon Specified *,All Other Larcenies,Other Outside Location,253,Genesee,3
-77.5633197833178,43.1644707396153,26219,"1064 Culver Rd, Rochester, NY, 14609",1064 CULVER ROAD,2021-00038664,2021,3,0214,2021/03/03 02:14:00+00,2021,3,0214,2021/03/03 02:14:00+00,2021,3,0214,2021/03/03 07:14:00+00,1064 CULVER ROAD,Rochester,NY,235,Goodman,Cleared by Arrest - Adult,PL ,160.15   ,04    ,1,B,F,Robbery,Robbery 1st: Displays What Appears To Be a Firearm          ,3,Attempted,Firearm,* No Larceny Type Specified *,Grocery/Supermarket,235,Goodman,5
-77.6044781370948,43.1463043618981,26500,"73 Alexander St, Rochester, NY, 14620",73 ALEXANDER ST,2021-00042888,2021,3,0900,2021/03/08 09:00:00+00,2021,3,0900,2021/03/08 09:00:00+00,2021,3,1456,2021/03/09 19:56:00+00,73 ALEXANDER ST,Rochester,NY,229,Central,Warrant Advised,PL ,155.25   ,      ,0,A,M,Larceny,Petit Larceny                                               ,6,Completed,* No Weapon Specified *,All Other Larcenies,Multiple Dwelling,229,Central,9
-77.6373197677814,43.1810673178189,28666,"272 Driving Park Ave, Rochester, NY, 14613",272 DRIVING PARK AVE,2021-00041257,2021,3,2205,2021/03/06 22:05:00+00,2021,3,2205,2021/03/06 22:05:00+00,2021,3,2206,2021/03/07 03:06:00+00,272 DRIVING PARK AVE,Rochester,NY,251,Lake,Office,PL ,155.30   ,08    ,4,E,F,Motor Vehicle Theft,Grand Larceny 4th: Motor Vehicle Value Exceeds $100         ,7,Completed,* No Weapon Specified *,Motor Vehicle Theft,Multiple Dwelling,251,Lake,1
-77.6359475126036,43.1699340905706,31534,"278 Dewey Ave, Rochester, NY, 14608",278 DEWEY AVE,2021-00040101,2021,3,0329,2021/03/05 03:29:00+00,2021,3,0329,2021/03/05 03:29:00+00,2021,3,0329,2021/03/05 08:29:00+00,278 DEWEY AVE,Rochester,NY,271,Lake,Office,PL ,155.30   ,08    ,4,E,F,Motor Vehicle Theft,Grand Larceny 4th: Motor Vehicle Value Exceeds $100         ,7,Completed,* No Weapon Specified *,Motor Vehicle Theft,Street,271,Lake,1
-77.5926229009042,43.1732672205889,31549,"410 Portland Ave, Rochester, NY, 14605",410 PORTLAND AVE,2021-00039420,2021,3,1345,2021/03/03 13:45:00+00,2021,3,1345,2021/03/04 13:45:00+00,2021,3,0545,2021/03/04 10:45:00+00,410 PORTLAND AVE,Rochester,NY,267,Clinton,Field,PL ,155.25   ,      ,0,A,M,Larceny,Petit Larceny                                               ,6,Completed,* No Weapon Specified *,All Other Larcenies,Street,267,Clinton,7
-77.6295527685059,43.1505212981371,32513,"345 Troup St, Rochester, NY, 14611",345 TROUP ST,2021-00042674,2021,3,0810,2021/03/09 08:10:00+00,2021,3,0845,2021/03/09 08:45:00+00,2021,3,0850,2021/03/09 13:50:00+00,345 TROUP ST,Rochester,NY,213,Genesee,Office,PL ,155.25   ,      ,0,A,M,Larceny,Petit Larceny                                               ,6,Completed,* No Weapon Specified *,Theft from Motor Vehicle,Street,213,Genesee,3
-77.5896627348735,43.1544684913275,32697,"550 East Ave, Rochester, NY, 14607",550 EAST AVE,2021-00038792,2021,3,1800,2021/03/02 18:00:00+00,2021,3,2100,2021/03/03 21:00:00+00,2021,3,0935,2021/03/03 14:35:00+00,550 EAST AVE,Rochester,NY,245,Goodman,Office,PL ,155.25   ,      ,0,A,M,Larceny,Petit Larceny                                               ,6,Completed,* No Weapon Specified *,Theft from Motor Vehicle,Other Outside Location,245,Goodman,5
-77.5828594246282,43.1864751762828,32947,"39 Sylvester St, Rochester, NY, 14621",39 SYLVESTER ST,2021-00038952,2021,3,0630,2021/03/03 06:30:00+00,2021,3,0630,2021/03/03 06:30:00+00,2021,3,1327,2021/03/03 18:27:00+00,39 SYLVESTER ST,Rochester,NY,237,Clinton,Office,PL ,155.25   ,      ,0,A,M,Larceny,Petit Larceny                                               ,6,Completed,* No Weapon Specified *,Theft from Building,Single Family Home,237,Clinton,7
-77.564631815137,43.1727582480981,33017,"61 Longview Ter, Rochester, NY, 14609",61 LONGVIEW TER,2021-00038853,2021,3,1104,2021/03/03 11:04:00+00,2021,3,1104,2021/03/03 11:04:00+00,2021,3,1104,2021/03/03 16:04:00+00,61 LONGVIEW TER,Rochester,NY,205,Goodman,Warrant Application,PL ,120.14   ,01    ,2,A,M,Aggravated Assault,Menacing 2nd: Weapon                                        ,4,Completed,Knife/Cutting Instrument,* No Larceny Type Specified *,Single Family Home,205,Goodman,5
-77.6259492004198,43.164874750998,33261,"70 Lyell Ave, Rochester, NY, 14608",70 LYELL AVE,2021-00039831,2021,3,1356,2021/03/03 13:56:00+00,2021,3,1359,2021/03/03 13:59:00+00,2021,3,1815,2021/03/04 23:15:00+00,70 LYELL AVE,Rochester,NY,271,Lake,Office,PL ,155.25   ,      ,0,A,M,Larceny,Petit Larceny                                               ,6,Completed,* No Weapon Specified *,All Other Larcenies,Other Business Office,271,Lake,1
-77.6211892525334,43.1484711847959,34461,"244 Van Auker St, Rochester, NY, 14608",244 VAN AUKER ST,2021-00040435,2021,3,1500,2021/03/03 15:00:00+00,2021,3,1405,2021/03/05 14:05:00+00,2021,3,1405,2021/03/05 19:05:00+00,244 VAN AUKER ST,Rochester,NY,213,Genesee,Office,PL ,155.25   ,      ,0,A,M,Larceny,Petit Larceny                                               ,6,Completed,* No Weapon Specified *,Theft from Motor Vehicle,Street,213,Genesee,3
-77.630191284204,43.1439841492933,34951,"410 Frost Ave, Rochester, NY, 14611",410 FROST AVE,2021-00043388,2021,3,0848,2021/03/10 08:48:00+00,2021,3,0848,2021/03/10 08:48:00+00,2021,3,0848,2021/03/10 13:48:00+00,410 FROST AVE,Rochester,NY,233,Genesee,Field,PL ,215.51   ,BI    ,1,E,F,Aggravated Assault,Criminal Contempt 1st: Violate Order of Protection: Weapon/T,4,Completed,Personal Weapons,* No Larceny Type Specified *,Yard,233,Genesee,3
-77.6315617405706,43.1664636274246,35780,"88 Parkway, Rochester, NY, 14608",88 PARKWAY,2021-00041461,2021,3,2340,2021/03/06 23:40:00+00,2021,3,0800,2021/03/07 08:00:00+00,2021,3,0955,2021/03/07 14:55:00+00,88 PARKWAY,Rochester,NY,271,Lake,Office,PL ,155.25   ,      ,0,A,M,Larceny,Petit Larceny                                               ,6,Completed,* No Weapon Specified *,Theft from Motor Vehicle,Other Outside Location,271,Lake,1
-77.5895420362384,43.156655555274,35812,"505 University Ave, Rochester, NY, 14607",505 UNIVERSITY AVE,2021-00043509,2021,3,1607,2021/03/07 16:07:00+00,2021,3,1607,2021/03/07 16:07:00+00,2021,3,1205,2021/03/10 17:05:00+00,505 UNIVERSITY AVE,Rochester,NY,245,Goodman,Office,PL ,155.25   ,      ,0,A,M,Larceny,Petit Larceny                                               ,6,Completed,* No Weapon Specified *,All Other Larcenies,Multiple Dwelling,245,Goodman,5
-77.5895420362384,43.156655555274,35814,"505 University Ave, Rochester, NY, 14607",505 UNIVERSITY AVE,2021-00043442,2021,3,1136,2021/03/08 11:36:00+00,2021,3,1136,2021/03/08 11:36:00+00,2021,3,1013,2021/03/10 15:13:00+00,505 UNIVERSITY AVE,Rochester,NY,245,Goodman,Field,PL ,155.25   ,      ,0,A,M,Larceny,Petit Larceny                                               ,6,Completed,* No Weapon Specified *,All Other Larcenies,Multiple Dwelling,245,Goodman,5
-77.6259418176054,43.1459376177722,36669,"168 Reynolds St, Rochester, NY, 14608",168 REYNOLDS ST,2021-00040499,2021,3,1725,2021/03/05 17:25:00+00,2021,3,1730,2021/03/05 17:30:00+00,2021,3,1742,2021/03/05 22:42:00+00,168 REYNOLDS ST,***,NY,233,Genesee,Field,PL ,160.15   ,04    ,1,B,F,Robbery,Robbery 1st: Displays What Appears To Be a Firearm          ,3,Attempted,Semiautomatic Handgun,* No Larceny Type Specified *,Street,233,Genesee,3
-77.6515757182227,43.1449525763201,37643,"565 Chili Ave, Rochester, NY, 14619",565 CHILI AVE,2021-00039396,2021,3,0319,2021/03/04 03:19:00+00,2021,3,0319,2021/03/04 03:19:00+00,2021,3,0319,2021/03/04 08:19:00+00,565 CHILI AVE,Rochester,NY,223,Genesee,Field,PL ,120.05   ,02    ,2,D,F,Aggravated Assault,Assault 2nd: Intent To Cause Physical Injury with Weapon/Ins,4,Completed,Personal Weapons,* No Larceny Type Specified *,Multiple Dwelling,223,Genesee,3
-77.5917728829977,43.1734589702581,38664,"432 Portland Ave, Rochester, NY, 14605",432 PORTLAND AVE,2021-00041967,2021,3,0415,2021/03/08 04:15:00+00,2021,3,0730,2021/03/08 07:30:00+00,2021,3,0750,2021/03/08 12:50:00+00,432 PORTLAND AVE,Rochester,NY,267,Clinton,Office,PL ,155.25   ,      ,0,A,M,Larceny,Petit Larceny                                               ,6,Completed,* No Weapon Specified *,Theft from Motor Vehicle,Parking Lot,267,Clinton,7
-77.5845427939879,43.1815004238005,38946,"226 Lux St, Rochester, NY, 14621",226 LUX ST,2021-00043150,2021,3,2050,2021/03/09 20:50:00+00,2021,3,2100,2021/03/09 21:00:00+00,2021,3,2101,2021/03/10 02:01:00+00,226 LUX ST,Rochester,NY,267,Clinton,Office,PL ,155.30   ,01    ,4,E,F,Larceny,Grand Larceny 4th: Value Property Greater Than $1000        ,6,Completed,* No Weapon Specified *,Motor Vehicle Theft,Other Outside Location,267,Clinton,7
-77.5837694808071,43.1837121208591,39507,"48 Grafton St, Rochester, NY, 14621",48 GRAFTON ST,2021-00041514,2021,3,2000,2021/03/06 20:00:00+00,2021,3,1100,2021/03/07 11:00:00+00,2021,3,1215,2021/03/07 17:15:00+00,48 GRAFTON ST,Rochester,NY,237,Clinton,Office,PL ,155.25   ,      ,0,A,M,Larceny,Petit Larceny                                               ,6,Completed,* No Weapon Specified *,Theft from Motor Vehicle,Other Outside Location,237,Clinton,7
-77.637333724658,43.182760129082,39602,"161 Pierpont St, Rochester, NY, 14613",161 PIERPONT ST,2021-00038708,2021,3,0445,2021/03/03 04:45:00+00,2021,3,0445,2021/03/03 04:45:00+00,2021,3,0515,2021/03/03 10:15:00+00,161 PIERPONT ST,Rochester,NY,231,Lake,Office,PL ,160.15   ,04    ,1,B,F,Robbery,Robbery 1st: Displays What Appears To Be a Firearm          ,3,Completed,Firearm,* No Larceny Type Specified *,Street,231,Lake,1
-77.5975347651549,43.1666310163698,39617,"70 Hartford St, Rochester, NY, 14605",70 HARTFORD ST,2021-00037906,2021,3,2142,2021/03/01 21:42:00+00,2021,3,2218,2021/03/01 22:18:00+00,2021,3,2206,2021/03/02 03:06:00+00,70 HARTFORD ST,Rochester,NY,287,Clinton,Cleared by Arrest - Adult,PL ,155.30   ,01    ,4,E,F,Larceny,Grand Larceny 4th: Value Property Greater Than $1000        ,6,Attempted,* No Weapon Specified *,All Other Larcenies,Other Outside Location,287,Clinton,7
-77.6124151421157,43.1725901360075,40132,"774 N Clinton Ave, Rochester, NY, 14605",774 N CLINTON AVE,2021-00037809,2021,3,1700,2021/03/01 17:00:00+00,2021,3,1700,2021/03/01 17:00:00+00,2021,3,1700,2021/03/01 22:00:00+00,774 N CLINTON AVE,Rochester,NY,277,Clinton,Warrant Application,PL ,165.05   ,01    ,3,A,M,Motor Vehicle Theft,Unauthorized Use of a Vehicle: Without Owner Consent        ,7,Completed,* No Weapon Specified *,* No Larceny Type Specified *,Street,277,Clinton,7
-77.5869329764978,43.1825934751012,40455,"901 Portland Ave, Rochester, NY, 14621",901 PORTLAND AVE,2021-00040115,2021,3,0403,2021/03/05 04:03:00+00,2021,3,0405,2021/03/05 04:05:00+00,2021,3,0405,2021/03/05 09:05:00+00,901 PORTLAND AVE,Rochester,NY,237,Clinton,Field,PL ,160.05   ,      ,3,D,F,Robbery,Robbery 3rd                                                 ,3,Completed,Personal Weapons,* No Larceny Type Specified *,Street,237,Clinton,7
-77.5677638253792,43.1457672930599,40809,"1043 Park Ave, Rochester, NY, 14610",1043 PARK AVE,2021-00038251,2021,3,1230,2021/03/02 12:30:00+00,2021,3,1230,2021/03/02 12:30:00+00,2021,3,1321,2021/03/02 18:21:00+00,1043 PARK AVE,***,NY,255,Goodman,Office,PL ,155.25   ,      ,0,A,M,Larceny,Petit Larceny                                               ,6,Completed,* No Weapon Specified *,All Other Larcenies,Other Outside Location,255,Goodman,5
-77.5956709899889,43.1750344882539,40852,"917 North St, Rochester, NY, 14605",917 NORTH ST,2021-00040947,2021,3,0500,2021/03/06 05:00:00+00,2021,3,0500,2021/03/06 05:00:00+00,2021,3,1218,2021/03/06 17:18:00+00,917 NORTH ST,Rochester,NY,277,Clinton,Field,PL ,155.30   ,08    ,4,E,F,Motor Vehicle Theft,Grand Larceny 4th: Motor Vehicle Value Exceeds $100         ,7,Completed,* No Weapon Specified *,Motor Vehicle Theft,Parking Lot,277,Clinton,7
-77.5936440854662,43.1462897704644,41041,"515 Monroe Ave, Rochester, NY, 14607",515 MONROE AVE,2021-00045049,2021,3,2315,2021/03/11 23:15:00+00,2021,3,2330,2021/03/11 23:30:00+00,2021,3,0245,2021/03/12 07:45:00+00,515 MONROE AVE,Rochester,NY,265,Goodman,Field,PL ,160.10   ,01    ,2,C,F,Robbery,Robbery 2nd: Aided By Another                               ,3,Completed,Personal Weapons,* No Larceny Type Specified *,Parking Lot,265,Goodman,5
-77.6505940033081,43.1315922642141,41288,"670 Thurston Rd, Rochester, NY, 14619",670 THURSTON ROAD,2021-00042728,2021,3,1030,2021/03/09 10:30:00+00,2021,3,1037,2021/03/09 10:37:00+00,2021,3,1037,2021/03/09 15:37:00+00,670 THURSTON ROAD,Rochester,NY,243,Genesee,Office,PL ,155.25   ,      ,0,A,M,Larceny,Petit Larceny                                               ,6,Completed,* No Weapon Specified *,Shoplifting,Drug Store,243,Genesee,3
-77.6543342100767,43.145648727298,41404,"206 Garfield St, Rochester, NY, 14611",206 GARFIELD ST,2021-00043073,2021,3,1800,2021/03/09 18:00:00+00,2021,3,1800,2021/03/09 18:00:00+00,2021,3,1902,2021/03/10 00:02:00+00,206 GARFIELD ST,Rochester,NY,203,Genesee,Warrant Advised,PL ,155.25   ,      ,0,A,M,Larceny,Petit Larceny                                               ,6,Completed,* No Weapon Specified *,All Other Larcenies,Single Family Home,203,Genesee,3
-77.5989714372768,43.1454296261602,42182,"445 Averill Ave, Rochester, NY, 14607",445 AVERILL AVE,2021-00043625,2021,3,2130,2021/03/09 21:30:00+00,2021,3,1230,2021/03/10 12:30:00+00,2021,3,1450,2021/03/10 19:50:00+00,445 AVERILL AVE,Rochester,NY,265,Goodman,Office,PL ,155.25   ,      ,0,A,M,Larceny,Petit Larceny                                               ,6,Completed,* No Weapon Specified *,All Other Larcenies,Parking Lot,265,Goodman,5
-77.6386116572353,43.1813441957366,42248,"866 Dewey Ave, Rochester, NY, 14613",866 DEWEY AVE,2021-00042514,2021,3,1200,2021/03/08 12:00:00+00,2021,3,1900,2021/03/08 19:00:00+00,2021,3,2040,2021/03/09 01:40:00+00,866 DEWEY AVE,Rochester,NY,231,Lake,Office,PL ,155.25   ,      ,0,A,M,Larceny,Petit Larceny                                               ,6,Attempted,* No Weapon Specified *,Theft from Motor Vehicle,Other Outside Location,231,Lake,1
-77.6448898279342,43.1807151267431,42257,"541 Driving Park Ave, Rochester, NY, 14613",541 DRIVING PARK AVE,2021-00040301,2021,3,1050,2021/03/05 10:50:00+00,2021,3,1050,2021/03/05 10:50:00+00,2021,3,1245,2021/03/05 17:45:00+00,541 DRIVING PARK AVE,Rochester,NY,241,Lake,Office,PL ,155.25   ,      ,0,A,M,Larceny,Petit Larceny                                               ,6,Completed,* No Weapon Specified *,All Other Larcenies,Single Family Home,241,Lake,1
-77.6098538563037,43.1817857065121,43099,"35 Farbridge St, Rochester, NY, 14621",35 FARBRIDGE ST,2021-00043194,2021,3,2211,2021/03/09 22:11:00+00,2021,3,2211,2021/03/09 22:11:00+00,2021,3,2211,2021/03/10 03:11:00+00,35 FARBRIDGE ST,Rochester,NY,217,Clinton,Cleared by Arrest - Adult,PL ,120.14   ,01    ,2,A,M,Aggravated Assault,Menacing 2nd: Weapon                                        ,4,Completed,Knife/Cutting Instrument,* No Larceny Type Specified *,Single Family Home,217,Clinton,7
-77.6394289614374,43.1554445226161,44634,"536 Maple St, Rochester, NY, 14611",536 MAPLE ST,2021-00003892,2021,3,0000,2021/03/02 00:00:00+00,2021,3,0000,2021/03/02 00:00:00+00,2021,3,0000,2021/03/02 05:00:00+00,536 MAPLE ST,Rochester,NY,203,Genesee,Office,PL ,155.30   ,08    ,4,E,F,Motor Vehicle Theft,Grand Larceny 4th: Motor Vehicle Value Exceeds $100         ,7,Completed,* No Weapon Specified *,Motor Vehicle Theft,Street,203,Genesee,3
-77.6394289614374,43.1554445226161,44635,"536 Maple St, Rochester, NY, 14611",536 MAPLE ST,2021-00043355,2021,3,1400,2021/03/07 14:00:00+00,2021,3,1430,2021/03/07 14:30:00+00,2021,3,0735,2021/03/10 12:35:00+00,536 MAPLE ST,Rochester,NY,203,Genesee,Office,PL ,155.25   ,      ,0,A,M,Larceny,Petit Larceny                                               ,6,Completed,* No Weapon Specified *,All Other Larcenies,Other Outside Location,203,Genesee,3
-77.5639939972135,43.1632725625433,45053,"1000 Culver Rd, Rochester, NY, 14609",1000 CULVER ROAD,2021-00040229,2021,3,0330,2021/03/05 03:30:00+00,2021,3,0930,2021/03/05 09:30:00+00,2021,3,1010,2021/03/05 15:10:00+00,1000 CULVER ROAD,Rochester,NY,235,Goodman,Field,PL ,155.25   ,      ,0,A,M,Larceny,Petit Larceny                                               ,6,Completed,* No Weapon Specified *,Theft from Motor Vehicle,Other Outside Location,235,Goodman,5
-77.5857349309576,43.1462087422342,47305,"155 Dartmouth St, Rochester, NY, 14607",155 DARTMOUTH ST,2021-00043246,2021,3,2100,2021/03/09 21:00:00+00,2021,3,2300,2021/03/09 23:00:00+00,2021,3,0000,2021/03/10 05:00:00+00,155 DARTMOUTH ST,Rochester,NY,245,Goodman,Field,PL ,120.05   ,01    ,2,D,F,Aggravated Assault,Assault 2nd: With Intent To Cause Serious Physical Injury   ,4,Completed,Not Reported,* No Larceny Type Specified *,Multiple Dwelling,245,Goodman,5
-77.6485718861605,43.1931715481536,47614,"152 Lily St, Rochester, NY, 14615",152 LILY ST,2021-00043304,2021,3,0209,2021/03/10 02:09:00+00,2021,3,0209,2021/03/10 02:09:00+00,2021,3,0209,2021/03/10 07:09:00+00,152 LILY ST,Rochester,NY,221,Lake,Office,PL ,140.20   ,      ,3,D,F,Burglary,Burglary 3rd: Illegal Entry with Intent to Commit a Crime   ,5,Completed,* No Weapon Specified *,* No Larceny Type Specified *,***,221,Lake,1
-77.6399043871907,43.1257851420337,48020,"2 Scottsville Rd, Rochester, NY, 14611",2 SCOTTSVILLE ROAD,2021-00043012,2021,3,2300,2021/03/08 23:00:00+00,2021,3,1630,2021/03/09 16:30:00+00,2021,3,1730,2021/03/09 22:30:00+00,2 SCOTTSVILLE ROAD,Rochester,NY,243,Genesee,Office,PL ,155.25   ,      ,0,A,M,Larceny,Petit Larceny                                               ,6,Completed,* No Weapon Specified *,Theft from Motor Vehicle,Other Outside Location,243,Genesee,3
-77.6330313473417,43.1292352722196,48887,"Joseph C Wilson Blvd, Rochester, NY, 14627",1 JOSEPH C WILSON BLVD,2021-00040483,2021,3,1720,2021/03/05 17:20:00+00,2021,3,1720,2021/03/05 17:20:00+00,2021,3,1720,2021/03/05 22:20:00+00,1 JOSEPH C WILSON BLVD,Rochester,NY,263,Genesee,Field,PL ,160.15   ,04    ,1,B,F,Robbery,Robbery 1st: Displays What Appears To Be a Firearm          ,3,Completed,Firearm,* No Larceny Type Specified *,Street,263,Genesee,3
-77.5848943108563,43.1861355463546,50149,"24 Turpin St, Rochester, NY, 14621",24 TURPIN ST,2021-00043522,2021,3,1100,2021/03/10 11:00:00+00,2021,3,1100,2021/03/10 11:00:00+00,2021,3,1100,2021/03/10 16:00:00+00,24 TURPIN ST,Rochester,NY,237,Clinton,Office,PL ,155.35   ,01    ,3,D,F,Larceny,Grand Larceny 3rd: Property Value Exceeds $3000             ,6,Completed,* No Weapon Specified *,Motor Vehicle Theft,Yard,237,Clinton,7
-77.5695599780544,43.162655853812,50180,"179 Cedarwood Ter, Rochester, NY, 14609",179 CEDARWOOD TER,2021-00039237,2021,3,2058,2021/03/03 20:58:00+00,2021,3,2058,2021/03/03 20:58:00+00,2021,3,2058,2021/03/04 01:58:00+00,179 CEDARWOOD TER,Rochester,NY,225,Goodman,Office,PL ,120.05   ,02    ,2,D,F,Aggravated Assault,Assault 2nd: Intent To Cause Physical Injury with Weapon/Ins,4,Completed,Other Weapon,* No Larceny Type Specified *,Street,225,Goodman,5
-77.6135104763244,43.1815048055234,51683,"1210 N Clinton Ave, Rochester, NY, 14621",1210 N CLINTON AVE,2021-00042367,2021,3,1730,2021/03/07 17:30:00+00,2021,3,1600,2021/03/08 16:00:00+00,2021,3,1807,2021/03/08 23:07:00+00,1210 N CLINTON AVE,Rochester,NY,217,Clinton,Office,PL ,155.30   ,04    ,4,E,F,Larceny,Grand Larceny 4th: Credit Card                              ,6,Completed,* No Weapon Specified *,All Other Larcenies,Parking Lot,217,Clinton,7
-77.6152842472294,43.1451488331911,51752,"41 Hubbell Park, Rochester, NY, 14608",41 HUBBELL PARK,2021-00039051,2021,3,2100,2021/03/02 21:00:00+00,2021,3,0600,2021/03/03 06:00:00+00,2021,3,1638,2021/03/03 21:38:00+00,41 HUBBELL PARK,Rochester,NY,209,Central,Office,PL ,155.25   ,      ,0,A,M,Larceny,Petit Larceny                                               ,6,Completed,* No Weapon Specified *,Theft from Motor Vehicle,Street,209,Central,9
-77.6159460907649,43.1550909295223,52532,"110 W Main St, Rochester, NY, 14608",110 W MAIN ST,2021-00038860,2021,3,1300,2021/03/02 13:00:00+00,2021,3,0900,2021/03/03 09:00:00+00,2021,3,1120,2021/03/03 16:20:00+00,110 W MAIN ST,***,NY,209,Central,Office,PL ,155.25   ,      ,0,A,M,Larceny,Petit Larceny                                               ,6,Completed,* No Weapon Specified *,All Other Larcenies,Other Outside Location,209,Central,9
-77.604220308729,43.1579603435401,53142,"10 Franklin St, Rochester, NY, 14604",10 FRANKLIN ST,2021-00038359,2021,3,1129,2021/03/01 11:29:00+00,2021,3,1130,2021/03/01 11:30:00+00,2021,3,1610,2021/03/02 21:10:00+00,10 FRANKLIN ST,***,NY,219,Central,Office,PL ,155.30   ,01    ,4,E,F,Larceny,Grand Larceny 4th: Value Property Greater Than $1000        ,6,Completed,* No Weapon Specified *,All Other Larcenies,Other Retail Store,219,Central,9
-77.6274161815803,43.1901493766055,53177,"59 Park View St, Rochester, NY, 14613",59 PARK VIEW ST,2021-00045046,2021,3,0240,2021/03/12 02:40:00+00,2021,3,0240,2021/03/12 02:40:00+00,2021,3,0345,2021/03/12 08:45:00+00,59 PARK VIEW ST,Rochester,NY,231,Lake,Office,PL ,155.25   ,      ,0,A,M,Larceny,Petit Larceny                                               ,6,Completed,* No Weapon Specified *,Theft from Motor Vehicle,Single Family Home,231,Lake,1
-77.613973348084,43.1539651214238,55819,"65 W Broad St, Rochester, NY, 14614",65 W BROAD ST,2021-00043506,2021,3,1930,2021/03/09 19:30:00+00,2021,3,1130,2021/03/10 11:30:00+00,2021,3,1155,2021/03/10 16:55:00+00,65 W BROAD ST,Rochester,NY,209,Central,Field,PL ,155.25   ,      ,0,A,M,Larceny,Petit Larceny                                               ,6,Completed,* No Weapon Specified *,Theft from Motor Vehicle,Parking Lot,209,Central,9
-77.6525956596435,43.1428939240357,55873,"53 Devonshire Ct, Rochester, NY, 14619",53 DEVONSHIRE CT,2021-00041240,2021,3,2223,2021/03/06 22:23:00+00,2021,3,2223,2021/03/06 22:23:00+00,2021,3,2223,2021/03/07 03:23:00+00,53 DEVONSHIRE CT,Rochester,NY,223,Genesee,Cleared by Arrest - Adult,PL ,120.05   ,06    ,2,D,F,Aggravated Assault,Assault 2nd: Cause Injury to Non Participant During Commissi,4,Completed,Personal Weapons,* No Larceny Type Specified *,Single Family Home,223,Genesee,3
-77.6049500464853,43.1646034052296,56130,"300 Ormond St, Rochester, NY, 14605",300 ORMOND ST,2021-00388881,2021,3,0700,2021/03/03 07:00:00+00,2021,3,1130,2021/03/03 11:30:00+00,2021,3,1150,2021/03/03 16:50:00+00,300 ORMOND ST,***,NY,287,Clinton,Office,PL ,155.30   ,01    ,4,E,F,Larceny,Grand Larceny 4th: Value Property Greater Than $1000        ,6,Completed,* No Weapon Specified *,Theft from Motor Vehicle,Parking Lot,287,Clinton,7
-77.6390604515141,43.1738806702979,56343,"510 Dewey Ave, Rochester, NY, 14613",510 DEWEY AVE,2021-00040251,2021,3,0130,2021/03/04 01:30:00+00,2021,3,0300,2021/03/04 03:00:00+00,2021,3,0759,2021/03/05 12:59:00+00,510 DEWEY AVE,Rochester,NY,251,Lake,Field,PL ,160.15   ,04    ,1,B,F,Robbery,Robbery 1st: Displays What Appears To Be a Firearm          ,3,Completed,Semiautomatic Handgun,* No Larceny Type Specified *,Parking Lot,251,Lake,1
-77.6074030650406,43.1832302739777,58433,"26 Weyl St, Rochester, NY, 14621",26 WEYL ST,2021-00038782,2021,3,0700,2021/03/03 07:00:00+00,2021,3,0720,2021/03/03 07:20:00+00,2021,3,0720,2021/03/03 12:20:00+00,26 WEYL ST,***,NY,227,Clinton,Office,PL ,155.30   ,01    ,4,E,F,Larceny,Grand Larceny 4th: Value Property Greater Than $1000        ,6,Completed,* No Weapon Specified *,Motor Vehicle Theft,Yard,227,Clinton,7
-77.5934049822282,43.1790904565511,59314,"614 Wilkins St, Rochester, NY, 14621",614 WILKINS ST,2021-00039956,2021,3,2056,2021/03/04 20:56:00+00,2021,3,2056,2021/03/04 20:56:00+00,2021,3,2056,2021/03/05 01:56:00+00,614 WILKINS ST,Rochester,NY,257,Clinton,Warrant Application,PL ,155.25   ,      ,0,A,M,Larceny,Petit Larceny                                               ,6,Completed,* No Weapon Specified *,All Other Larcenies,Single Family Home,257,Clinton,7
-77.637419777644,43.1863862156281,59405,"230 Augustine St, Rochester, NY, 14613",230 AUGUSTINE ST,2021-00041216,2021,3,2135,2021/03/06 21:35:00+00,2021,3,2135,2021/03/06 21:35:00+00,2021,3,2136,2021/03/07 02:36:00+00,230 AUGUSTINE ST,Rochester,NY,231,Lake,Field,PL ,120.05   ,02    ,2,D,F,Aggravated Assault,Assault 2nd: Intent To Cause Physical Injury with Weapon/Ins,4,Completed,Firearm,* No Larceny Type Specified *,Multiple Dwelling,231,Lake,1
-77.5607038804038,43.171987516328,59508,"1433 Culver Rd, Rochester, NY, 14609",1433 CULVER ROAD,2021-00042960,2021,3,1620,2021/03/09 16:20:00+00,2021,3,1623,2021/03/09 16:23:00+00,2021,3,1623,2021/03/09 21:23:00+00,1433 CULVER ROAD,Rochester,NY,205,Goodman,Office,PL ,140.20   ,      ,3,D,F,Burglary,Burglary 3rd: Illegal Entry with Intent to Commit a Crime   ,5,Completed,* No Weapon Specified *,* No Larceny Type Specified *,Drug Store,205,Goodman,5
-77.6099061868668,43.1370986871603,60539,"111 Manor Pkwy, Rochester, NY, 14620",111 MANOR PKWY,2021-00042040,2021,3,1030,2021/03/07 10:30:00+00,2021,3,1030,2021/03/07 10:30:00+00,2021,3,0657,2021/03/08 11:57:00+00,111 MANOR PKWY,***,NY,265,Goodman,Field,PL ,155.25   ,      ,0,A,M,Larceny,Petit Larceny                                               ,6,Completed,* No Weapon Specified *,All Other Larcenies,Multiple Dwelling,265,Goodman,5
-77.6311596095038,43.1663623265053,60576,"151 Saratoga Ave, Rochester, NY, 14608",151 SARATOGA AVE,2021-00042130,2021,3,1243,2021/03/08 12:43:00+00,2021,3,1243,2021/03/08 12:43:00+00,2021,3,1243,2021/03/08 17:43:00+00,151 SARATOGA AVE,Rochester,NY,271,Lake,Cleared by Arrest - Adult,PL ,120.05   ,02    ,2,D,F,Aggravated Assault,Assault 2nd: Intent To Cause Physical Injury with Weapon/Ins,4,Completed,Knife/Cutting Instrument,* No Larceny Type Specified *,Street,271,Lake,1
-77.6404258776595,43.177086660106,60661,"384 Glenwood Ave, Rochester, NY, 14613",384 GLENWOOD AVE,2021-00043138,2021,3,2047,2021/03/09 20:47:00+00,2021,3,2047,2021/03/09 20:47:00+00,2021,3,2047,2021/03/10 01:47:00+00,384 GLENWOOD AVE,Rochester,NY,241,Lake,Warrant Application,PL ,121.12   ,      ,2,D,F,Aggravated Assault,Strangulation 2nd: Obstruct Breath/Blood Circ: Cause Physica,4,Completed,Unknown,* No Larceny Type Specified *,Other Residential,241,Lake,1
-77.577711652219,43.1780164360177,60853,"104 Rustic St, Rochester, NY, 14609",104 RUSTIC ST,2021-00039221,2021,3,0545,2021/03/03 05:45:00+00,2021,3,0545,2021/03/03 05:45:00+00,2021,3,2045,2021/03/04 01:45:00+00,104 RUSTIC ST,Rochester,NY,267,Clinton,Field,PL ,155.25   ,      ,0,A,M,Larceny,Petit Larceny                                               ,6,Completed,* No Weapon Specified *,Theft from Motor Vehicle,Other Outside Location,267,Clinton,7
-77.6038301717909,43.1833543218474,64037,"144 Weyl St, Rochester, NY, 14621",144 WEYL ST,2021-00041361,2021,3,0235,2021/03/07 02:35:00+00,2021,3,0235,2021/03/07 02:35:00+00,2021,3,0235,2021/03/07 07:35:00+00,144 WEYL ST,Rochester,NY,227,Clinton,Office,PL ,120.05   ,01    ,2,D,F,Aggravated Assault,Assault 2nd: With Intent To Cause Serious Physical Injury   ,4,Completed,Personal Weapons,* No Larceny Type Specified *,Street,227,Clinton,7
-77.64784184937,43.1899001555856,64593,"629 Magee Ave, Rochester, NY, 14613",629 MAGEE AVE,2021-00038760,2021,3,2130,2021/03/02 21:30:00+00,2021,3,0830,2021/03/03 08:30:00+00,2021,3,0845,2021/03/03 13:45:00+00,629 MAGEE AVE,***,NY,221,Lake,Office,PL ,155.25   ,      ,0,A,M,Larceny,Petit Larceny                                               ,6,Completed,* No Weapon Specified *,Theft from Motor Vehicle,Other Outside Location,221,Lake,1
-77.6402684244466,43.1936615162405,64635,"393 Ridgeway Ave, Rochester, NY, 14615",393 RIDGEWAY AVE,2021-00041981,2021,3,1800,2021/03/07 18:00:00+00,2021,3,0630,2021/03/08 06:30:00+00,2021,3,0810,2021/03/08 13:10:00+00,393 RIDGEWAY AVE,Rochester,NY,221,Lake,Office,PL ,155.25   ,      ,0,A,M,Larceny,Petit Larceny                                               ,6,Completed,* No Weapon Specified *,All Other Larcenies,Yard,221,Lake,1
-77.5890774575905,43.155414712623,64961,"15 Strathallan Park, Rochester, NY, 14607",15 STRATHALLAN PARK,2021-00040218,2021,3,0957,2021/03/04 09:57:00+00,2021,3,1526,2021/03/04 15:26:00+00,2021,3,0950,2021/03/05 14:50:00+00,15 STRATHALLAN PARK,Rochester,NY,245,Goodman,Office,PL ,155.25   ,      ,0,A,M,Larceny,Petit Larceny                                               ,6,Completed,* No Weapon Specified *,All Other Larcenies,Multiple Dwelling,245,Goodman,5
-77.626246862783,43.1425464594294,65134,"259 Reynolds St, Rochester, NY, 14608",259 REYNOLDS ST,2021-00038099,2021,3,0900,2021/03/02 09:00:00+00,2021,3,0900,2021/03/02 09:00:00+00,2021,3,0900,2021/03/02 14:00:00+00,259 REYNOLDS ST,Rochester,NY,233,Genesee,Warrant Advised,PL ,120.14   ,01    ,2,A,M,Aggravated Assault,Menacing 2nd: Weapon                                        ,4,Completed,Knife/Cutting Instrument,* No Larceny Type Specified *,Multiple Dwelling,233,Genesee,3
-77.6037435903086,43.1841374825409,65312,"252 Weaver St, Rochester, NY, 14621",252 WEAVER ST,2021-00042172,2021,3,1000,2021/03/07 10:00:00+00,2021,3,1800,2021/03/07 18:00:00+00,2021,3,0855,2021/03/08 13:55:00+00,252 WEAVER ST,Rochester,NY,227,Clinton,Office,PL ,155.25   ,      ,0,A,M,Larceny,Petit Larceny                                               ,6,Completed,* No Weapon Specified *,Theft from Building,Multiple Dwelling,227,Clinton,7
-77.5781605798014,43.1773407912553,65706,"71 Rustic St, Rochester, NY, 14609",71 RUSTIC ST,2021-00039011,2021,3,1500,2021/03/02 15:00:00+00,2021,3,1200,2021/03/03 12:00:00+00,2021,3,1533,2021/03/03 20:33:00+00,71 RUSTIC ST,Rochester,NY,267,Clinton,Office,PL ,155.25   ,      ,0,A,M,Larceny,Petit Larceny                                               ,6,Completed,* No Weapon Specified *,Theft from Motor Vehicle,Single Family Home,267,Clinton,7
-77.5896521631103,43.1846526648644,66068,"200 Mohawk St, Rochester, NY, 14621",200 MOHAWK ST,2021-00042803,2021,3,0500,2021/03/09 05:00:00+00,2021,3,1200,2021/03/09 12:00:00+00,2021,3,1200,2021/03/09 17:00:00+00,200 MOHAWK ST,Rochester,NY,237,Clinton,Office,PL ,155.30   ,04    ,4,E,F,Larceny,Grand Larceny 4th: Credit Card                              ,6,Completed,* No Weapon Specified *,Theft from Motor Vehicle,Other Outside Location,237,Clinton,7
-77.6393348744159,43.1895767357039,68313,"1261 Dewey Ave, Rochester, NY, 14613",1261 DEWEY AVE,2021-00038828,2021,3,1700,2021/03/01 17:00:00+00,2021,3,0945,2021/03/03 09:45:00+00,2021,3,1021,2021/03/03 15:21:00+00,1261 DEWEY AVE,Rochester,NY,221,Lake,Office,PL ,140.20   ,      ,3,D,F,Burglary,Burglary 3rd: Illegal Entry with Intent to Commit a Crime   ,5,Completed,* No Weapon Specified *,Not Applicable,Church,221,Lake,1
-77.6019418870803,43.1539471523977,68427,"353 Court St, Rochester, NY, 14607",353 COURT ST,2021-00042483,2021,3,2138,2021/03/08 21:38:00+00,2021,3,2138,2021/03/08 21:38:00+00,2021,3,2138,2021/03/09 02:38:00+00,353 COURT ST,Rochester,NY,219,Central,Field,PL ,160.10   ,01    ,2,C,F,Robbery,Robbery 2nd: Aided By Another                               ,3,Completed,Personal Weapons,* No Larceny Type Specified *,Street,219,Central,9
-77.5922381101236,43.1378458950438,68954,"73 Asbury St, Rochester, NY, 14620",73 ASBURY ST,2021-00040293,2021,3,1611,2021/03/04 16:11:00+00,2021,3,1611,2021/03/04 16:11:00+00,2021,3,1220,2021/03/05 17:20:00+00,73 ASBURY ST,Rochester,NY,255,Goodman,Office,PL ,155.25   ,      ,0,A,M,Larceny,Petit Larceny                                               ,6,Completed,* No Weapon Specified *,All Other Larcenies,Other Residential,255,Goodman,5
-77.6385265885925,43.1942451571594,69047,"1494 Dewey Ave, Rochester, NY, 14615",1494 DEWEY AVE,2021-00040173,2021,3,0240,2021/03/05 02:40:00+00,2021,3,0255,2021/03/05 02:55:00+00,2021,3,0811,2021/03/05 13:11:00+00,1494 DEWEY AVE,Rochester,NY,211,Lake,Field,PL ,140.20   ,      ,3,D,F,Burglary,Burglary 3rd: Illegal Entry with Intent to Commit a Crime   ,5,Completed,* No Weapon Specified *,* No Larceny Type Specified *,Other Commercial Service Location,211,Lake,1
-77.6003090407483,43.1787739899405,70931,"362 Wilkins St, Rochester, NY, 14621",362 WILKINS ST,2021-00040843,2021,3,0655,2021/03/06 06:55:00+00,2021,3,0659,2021/03/06 06:59:00+00,2021,3,0659,2021/03/06 11:59:00+00,362 WILKINS ST,***,NY,257,Clinton,Field,PL ,140.25   ,02    ,2,C,F,Burglary,Burglary 2nd: Illegal Entry: Dwelling                       ,5,Completed,* No Weapon Specified *,* No Larceny Type Specified *,Single Family Home,257,Clinton,7
-77.6088105240924,43.1580199464163,71831,"60 St Paul St, Rochester, NY, 14604",60 ST PAUL ST,2021-00040717,2021,3,0005,2021/03/06 00:05:00+00,2021,3,0005,2021/03/06 00:05:00+00,2021,3,0005,2021/03/06 05:05:00+00,60 ST PAUL ST,Rochester,NY,219,Central,Cleared by Arrest - Adult,PL ,120.14   ,01    ,2,A,M,Aggravated Assault,Menacing 2nd: Weapon                                        ,4,Completed,Knife/Cutting Instrument,* No Larceny Type Specified *,Transit Facility,219,Central,9
-77.6062015073445,43.1847763705305,73107,"70 Van Stallen St, Rochester, NY, 14621",70 VAN STALLEN ST,2021-00038846,2021,3,1200,2021/03/02 12:00:00+00,2021,3,1100,2021/03/03 11:00:00+00,2021,3,1100,2021/03/03 16:00:00+00,70 VAN STALLEN ST,***,NY,227,Clinton,Office,PL ,155.25   ,      ,0,A,M,Larceny,Petit Larceny                                               ,6,Completed,* No Weapon Specified *,All Other Larcenies,Street,227,Clinton,7
-77.6369855243124,43.1448626062718,73479,"1 Superior Ter, Rochester, NY, 14611",1 SUPERIOR TER,2021-00037981,2021,3,0021,2021/03/02 00:21:00+00,2021,3,0021,2021/03/02 00:21:00+00,2021,3,0120,2021/03/02 06:20:00+00,1 SUPERIOR TER,***,NY,223,Genesee,Warrant Application,PL ,155.25   ,      ,0,A,M,Larceny,Petit Larceny                                               ,6,Completed,* No Weapon Specified *,All Other Larcenies,Single Family Home,223,Genesee,3
-77.673411503847,43.1743297098356,74652,"1580 Emerson St, Rochester, NY, 14606",1580 EMERSON ST,2021-00039707,2021,3,1500,2021/03/02 15:00:00+00,2021,3,1500,2021/03/04 15:00:00+00,2021,3,1540,2021/03/04 20:40:00+00,1580 EMERSON ST,Rochester,NY,241,Lake,Office,PL ,155.30   ,01    ,4,E,F,Larceny,Grand Larceny 4th: Value Property Greater Than $1000        ,6,Completed,* No Weapon Specified *,Theft of Motor Vehicle Parts or Accessories,Auto Shop,241,Lake,1
-77.5975324799524,43.1559234604764,75319,"270 East Ave, Rochester, NY, 14604",270 EAST AVE,2021-00038719,2021,3,0530,2021/03/03 05:30:00+00,2021,3,0634,2021/03/03 06:34:00+00,2021,3,0634,2021/03/03 11:34:00+00,270 EAST AVE,Rochester,NY,219,Central,Office,PL ,140.20   ,      ,3,D,F,Burglary,Burglary 3rd: Illegal Entry with Intent to Commit a Crime   ,5,Completed,* No Weapon Specified *,* No Larceny Type Specified *,Construction Site,219,Central,9
-77.6134367965283,43.1739323805223,75346,"127 Evergreen St, Rochester, NY, 14605",127 EVERGREEN ST,2021-00039409,2021,3,0423,2021/03/04 04:23:00+00,2021,3,0423,2021/03/04 04:23:00+00,2021,3,0423,2021/03/04 09:23:00+00,127 EVERGREEN ST,Rochester,NY,277,Clinton,Field,PL ,120.05   ,02    ,2,D,F,Aggravated Assault,Assault 2nd: Intent To Cause Physical Injury with Weapon/Ins,4,Completed,Blunt Object,* No Larceny Type Specified *,Multiple Dwelling,277,Clinton,7
-77.5856084830567,43.1915462036245,76730,"1425 Portland Ave, Rochester, NY, 14621",1425 PORTLAND AVE,2021-00038485,2021,3,1535,2021/03/02 15:35:00+00,2021,3,1545,2021/03/02 15:45:00+00,2021,3,1636,2021/03/02 21:36:00+00,1425 PORTLAND AVE,Rochester,NY,237,Clinton,Field,PL ,155.30   ,01    ,4,E,F,Larceny,Grand Larceny 4th: Value Property Greater Than $1000        ,6,Completed,* No Weapon Specified *,All Other Larcenies,Hospital,237,Clinton,7
-77.5695419295249,43.1453680893459,77845,"21 Darwin St, Rochester, NY, 14610",21 DARWIN ST,2021-00040367,2021,3,1436,2021/03/05 14:36:00+00,2021,3,1436,2021/03/05 14:36:00+00,2021,3,1436,2021/03/05 19:36:00+00,21 DARWIN ST,Rochester,NY,255,Goodman,Field,PL ,155.35   ,01    ,3,D,F,Larceny,Grand Larceny 3rd: Property Value Exceeds $3000             ,6,Completed,* No Weapon Specified *,All Other Larcenies,Single Family Home,255,Goodman,5
-77.6399183536389,43.1324362659399,77897,"117 Millbank St, Rochester, NY, 14619",117 MILLBANK ST,2021-00044383,2021,3,1249,2021/03/03 12:49:00+00,2021,3,1249,2021/03/10 12:49:00+00,2021,3,1100,2021/03/11 16:00:00+00,117 MILLBANK ST,Rochester,NY,253,Genesee,Office,PL ,155.30   ,01    ,4,E,F,Larceny,Grand Larceny 4th: Value Property Greater Than $1000        ,6,Completed,* No Weapon Specified *,All Other Larcenies,Other Residential,253,Genesee,3
-77.6512023088004,43.1349429823943,79158,"501 Thurston Rd, Rochester, NY, 14619",501 THURSTON ROAD,2021-00040587,2021,3,1930,2021/03/05 19:30:00+00,2021,3,2004,2021/03/05 20:04:00+00,2021,3,2004,2021/03/06 01:04:00+00,501 THURSTON ROAD,Rochester,NY,243,Genesee,Field,PL ,160.15   ,04    ,1,B,F,Robbery,Robbery 1st: Displays What Appears To Be a Firearm          ,3,Completed,Semiautomatic Handgun,* No Larceny Type Specified *,Street,243,Genesee,3
-77.645701252754,43.1417475136248,79656,"256 Woodbine Ave, Rochester, NY, 14619",256 WOODBINE AVE,2021-00041667,2021,3,1714,2021/03/07 17:14:00+00,2021,3,1714,2021/03/07 17:14:00+00,2021,3,1714,2021/03/07 22:14:00+00,256 WOODBINE AVE,Rochester,NY,223,Genesee,Cleared by Arrest - Adult,PL ,120.14   ,01    ,2,A,M,Aggravated Assault,Menacing 2nd: Weapon                                        ,4,Completed,Other Weapon,* No Larceny Type Specified *,Single Family Home,223,Genesee,3
-77.6131718946698,43.1133595730002,80200,"335 Westfall Rd, Rochester, NY, 14620",335 WESTFALL ROAD,2021-00039868,2021,3,1700,2021/03/04 17:00:00+00,2021,3,1700,2021/03/04 17:00:00+00,2021,3,1858,2021/03/04 23:58:00+00,335 WESTFALL ROAD,Rochester,NY,263,Genesee,Field,PL ,155.25   ,      ,0,A,M,Larceny,Petit Larceny                                               ,6,Completed,* No Weapon Specified *,Shoplifting,Grocery/Supermarket,263,Genesee,3
-77.601686206933,43.1520217739245,80643,"1 Manhattan Square Dr, Rochester, NY, 14607",1 MANHATTAN SQUARE DR,2021-00043479,2021,3,1220,2021/03/09 12:20:00+00,2021,3,1830,2021/03/09 18:30:00+00,2021,3,1100,2021/03/10 16:00:00+00,1 MANHATTAN SQUARE DR,Rochester,NY,219,Central,Office,PL ,155.25   ,      ,0,A,M,Larceny,Petit Larceny                                               ,6,Completed,* No Weapon Specified *,All Other Larcenies,Amusement Center,219,Central,9
-77.601686206933,43.1520217739245,80644,"1 Manhattan Square Dr, Rochester, NY, 14607",1 MANHATTAN SQUARE DR,2021-00037833,2021,3,1500,2021/03/01 15:00:00+00,2021,3,1900,2021/03/01 19:00:00+00,2021,3,1940,2021/03/02 00:40:00+00,1 MANHATTAN SQUARE DR,Rochester,NY,219,Central,Office,PL ,155.25   ,      ,0,A,M,Larceny,Petit Larceny                                               ,6,Completed,* No Weapon Specified *,All Other Larcenies,Other Public Access Building,219,Central,9
-77.6111568155414,43.1437644230673,81041,"300 Mount Hope Ave, Rochester, NY, 14620",300 MT HOPE AVE,2021-00043348,2021,3,2300,2021/03/09 23:00:00+00,2021,3,0700,2021/03/10 07:00:00+00,2021,3,0710,2021/03/10 12:10:00+00,300 MT HOPE AVE,Rochester,NY,229,Central,Office,PL ,155.25   ,      ,0,A,M,Larceny,Petit Larceny                                               ,6,Completed,* No Weapon Specified *,Theft from Motor Vehicle,Parking Lot,229,Central,9
-77.6390627378633,43.2015696123741,81738,"1851 Dewey Ave, Rochester, NY, 14615",1851 DEWEY AVE,2021-00042425,2021,3,0830,2021/03/05 08:30:00+00,2021,3,0830,2021/03/05 08:30:00+00,2021,3,1105,2021/03/08 16:05:00+00,1851 DEWEY AVE,Rochester,NY,211,Lake,Office,PL ,155.30   ,08    ,4,E,F,Motor Vehicle Theft,Grand Larceny 4th: Motor Vehicle Value Exceeds $100         ,7,Completed,* No Weapon Specified *,Motor Vehicle Theft,Auto Shop,211,Lake,1
-77.6371704446229,43.1646945104265,81850,"424 Lyell Ave, Rochester, NY, 14606",424 LYELL AVE,2021-00038388,2021,3,1500,2021/03/02 15:00:00+00,2021,3,1613,2021/03/02 16:13:00+00,2021,3,1613,2021/03/02 21:13:00+00,424 LYELL AVE,***,NY,291,Lake,Office,PL ,155.30   ,01    ,4,E,F,Larceny,Grand Larceny 4th: Value Property Greater Than $1000        ,6,Completed,* No Weapon Specified *,All Other Larcenies,Clothing Store,291,Lake,1
-77.5929558685172,43.1605870257323,81891,"718 E Main St, Rochester, NY, 14605",718 E MAIN ST,2021-00037511,2021,3,1115,2021/03/01 11:15:00+00,2021,3,1115,2021/03/01 11:15:00+00,2021,3,1130,2021/03/01 16:30:00+00,718 E MAIN ST,Rochester,NY,225,Goodman,Field,PL ,155.25   ,      ,0,A,M,Larceny,Petit Larceny                                               ,6,Completed,* No Weapon Specified *,All Other Larcenies,Gas Station,225,Goodman,5
-77.598577068943,43.1417977202306,82990,"809 S Clinton Ave, Rochester, NY, 14620",809 S CLINTON AVE,2021-00045068,2021,3,0532,2021/03/12 05:32:00+00,2021,3,0532,2021/03/12 05:32:00+00,2021,3,0532,2021/03/12 10:32:00+00,809 S CLINTON AVE,Rochester,NY,265,Goodman,Office,PL ,155.25   ,      ,0,A,M,Larceny,Petit Larceny                                               ,6,Completed,* No Weapon Specified *,Shoplifting,Gas Station,265,Goodman,5
-77.5718866024385,43.1758008808788,85989,"1865 Clifford Ave, Rochester, NY, 14609",1865 CLIFFORD AVE,2021-00042057,2021,3,2100,2021/03/06 21:00:00+00,2021,3,2130,2021/03/06 21:30:00+00,2021,3,1033,2021/03/08 15:33:00+00,1865 CLIFFORD AVE,Rochester,NY,205,Goodman,Field,PL ,155.25   ,      ,0,A,M,Larceny,Petit Larceny                                               ,6,Completed,* No Weapon Specified *,All Other Larcenies,Unknown,205,Goodman,5
-77.5912399600332,43.1447525427598,87088,"619 Monroe Ave, Rochester, NY, 14607",619 MONROE AVE,2021-00037543,2021,3,1229,2021/03/01 12:29:00+00,2021,3,1229,2021/03/01 12:29:00+00,2021,3,1229,2021/03/01 17:29:00+00,619 MONROE AVE,***,NY,265,Goodman,Field,PL ,160.10   ,01    ,2,C,F,Robbery,Robbery 2nd: Aided By Another                               ,3,Completed,Personal Weapons,* No Larceny Type Specified *,Parking Lot,265,Goodman,5
-77.6152873493918,43.1747178124253,88414,"317 Clifford Ave, Rochester, NY, 14621",317 CLIFFORD AVE,2021-00041262,2021,3,2255,2021/03/06 22:55:00+00,2021,3,2255,2021/03/06 22:55:00+00,2021,3,2255,2021/03/07 03:55:00+00,317 CLIFFORD AVE,Rochester,NY,277,Clinton,Office,PL ,165.05   ,01    ,3,A,M,Motor Vehicle Theft,Unauthorized Use of a Vehicle: Without Owner Consent        ,7,Completed,* No Weapon Specified *,Motor Vehicle Theft,Other Outside Location,277,Clinton,7
-77.6423849567976,43.1332873487085,88764,"93 Ellicott St, Rochester, NY, 14619",93 ELLICOTT ST,2021-00041408,2021,3,2330,2021/03/06 23:30:00+00,2021,3,0500,2021/03/07 05:00:00+00,2021,3,0531,2021/03/07 10:31:00+00,93 ELLICOTT ST,Rochester,NY,243,Genesee,Office,PL ,155.30   ,08    ,4,E,F,Motor Vehicle Theft,Grand Larceny 4th: Motor Vehicle Value Exceeds $100         ,7,Completed,* No Weapon Specified *,Motor Vehicle Theft,Single Family Home,243,Genesee,3
-77.5813579596563,43.1629289841197,91985,"360 Hayward Ave, Rochester, NY, 14609",360 HAYWARD AVE,2021-00041206,2021,3,1500,2021/03/06 15:00:00+00,2021,3,2045,2021/03/06 20:45:00+00,2021,3,2111,2021/03/07 02:11:00+00,360 HAYWARD AVE,Rochester,NY,225,Goodman,Office,PL ,155.25   ,      ,0,A,M,Larceny,Petit Larceny                                               ,6,Completed,* No Weapon Specified *,Theft from Motor Vehicle,Street,225,Goodman,5
-77.6398216524839,43.1550897414635,93325,"547 Maple St, Rochester, NY, 14611",547 MAPLE ST,2021-00038129,2021,3,2300,2021/03/01 23:00:00+00,2021,3,1018,2021/03/02 10:18:00+00,2021,3,1018,2021/03/02 15:18:00+00,547 MAPLE ST,Rochester,NY,203,Genesee,Office,PL ,140.25   ,02    ,2,C,F,Burglary,Burglary 2nd: Illegal Entry: Dwelling                       ,5,Completed,* No Weapon Specified *,* No Larceny Type Specified *,Multiple Dwelling,203,Genesee,3
-77.6302231185789,43.1753192796546,93630,"575 Lake Ave, Rochester, NY, 14613",575 LAKE AVE,2021-00043385,2021,3,2000,2021/03/09 20:00:00+00,2021,3,0830,2021/03/10 08:30:00+00,2021,3,0840,2021/03/10 13:40:00+00,575 LAKE AVE,Rochester,NY,251,Lake,Office,PL ,155.25   ,      ,0,A,M,Larceny,Petit Larceny                                               ,6,Completed,* No Weapon Specified *,Theft from Motor Vehicle,Parking Lot,251,Lake,1
-77.638785344691,43.1950480083019,94026,"1534 Dewey Ave, Rochester, NY, 14615",1534 DEWEY AVE,2021-00043654,2021,3,1525,2021/03/10 15:25:00+00,2021,3,1525,2021/03/10 15:25:00+00,2021,3,1525,2021/03/10 20:25:00+00,1534 DEWEY AVE,Rochester,NY,211,Lake,Warrant Application,PL ,155.25   ,      ,0,A,M,Larceny,Petit Larceny                                               ,6,Completed,* No Weapon Specified *,All Other Larcenies,Barber/Beauty Shop,211,Lake,1
-77.60411489245,43.1833272976759,94154,"138 Weyl St, Rochester, NY, 14621",138 WEYL ST,2021-00044311,2021,3,1800,2021/03/10 18:00:00+00,2021,3,0745,2021/03/11 07:45:00+00,2021,3,0745,2021/03/11 12:45:00+00,138 WEYL ST,Rochester,NY,227,Clinton,Office,PL ,140.25   ,02    ,2,C,F,Burglary,Burglary 2nd: Illegal Entry: Dwelling                       ,5,Completed,* No Weapon Specified *,* No Larceny Type Specified *,Single Family Home,227,Clinton,7
-77.5828374367803,43.1771654756641,94797,"70 Clairmount St, Rochester, NY, 14621",70 CLAIRMOUNT ST,2021-00043153,2021,3,2048,2021/03/09 20:48:00+00,2021,3,2048,2021/03/09 20:48:00+00,2021,3,2048,2021/03/10 01:48:00+00,70 CLAIRMOUNT ST,Rochester,NY,267,Clinton,Office,PL ,155.30   ,08    ,4,E,F,Motor Vehicle Theft,Grand Larceny 4th: Motor Vehicle Value Exceeds $100         ,7,Completed,* No Weapon Specified *,Motor Vehicle Theft,Multiple Dwelling,267,Clinton,7
-77.6130647104574,43.2603569837715,95091,"25 Braddock St, Rochester, NY, 14612",25 BRADDOCK ST,2021-00045194,2021,3,1500,2021/03/11 15:00:00+00,2021,3,2300,2021/03/11 23:00:00+00,2021,3,1030,2021/03/12 15:30:00+00,25 BRADDOCK ST,Rochester,NY,201,Lake,Office,PL ,155.25   ,      ,0,A,M,Larceny,Petit Larceny                                               ,6,Completed,* No Weapon Specified *,All Other Larcenies,Other Outside Location,201,Lake,1
-77.5916407898343,43.1814587231817,95121,"281 Carter St, Rochester, NY, 14621",281 CARTER ST,2021-00041600,2021,3,1415,2021/03/07 14:15:00+00,2021,3,1415,2021/03/07 14:15:00+00,2021,3,1417,2021/03/07 19:17:00+00,281 CARTER ST,Rochester,NY,237,Clinton,Office,PL ,155.30   ,01    ,4,E,F,Larceny,Grand Larceny 4th: Value Property Greater Than $1000        ,6,Completed,* No Weapon Specified *,Motor Vehicle Theft,Street,237,Clinton,7
-77.6346762208953,43.1799361215536,95351,"78 Tacoma St, Rochester, NY, 14613",78 TACOMA ST,2021-00037504,2021,3,1052,2021/03/01 10:52:00+00,2021,3,1052,2021/03/01 10:52:00+00,2021,3,1100,2021/03/01 16:00:00+00,78 TACOMA ST,***,NY,251,Lake,Office,PL ,155.25   ,      ,0,A,M,Larceny,Petit Larceny                                               ,6,Completed,* No Weapon Specified *,Theft from Building,Single Family Home,251,Lake,1
-77.6431972928954,43.1898902538406,96833,"465 Magee Ave, Rochester, NY, 14613",465 MAGEE AVE,2021-00038852,2021,3,2330,2021/03/02 23:30:00+00,2021,3,1030,2021/03/03 10:30:00+00,2021,3,1100,2021/03/03 16:00:00+00,465 MAGEE AVE,***,NY,221,Lake,Office,PL ,155.25   ,      ,0,A,M,Larceny,Petit Larceny                                               ,6,Completed,* No Weapon Specified *,Theft from Motor Vehicle,Other Outside Location,221,Lake,1
-77.6243579257203,43.1236079462745,96834,"601 Elmwood Ave, Rochester, NY, 14620",601 ELMWOOD AVE,2021-00040105,2021,3,2100,2021/03/03 21:00:00+00,2021,3,1100,2021/03/04 11:00:00+00,2021,3,0340,2021/03/05 08:40:00+00,601 ELMWOOD AVE,Rochester,NY,263,Genesee,Office,PL ,155.25   ,      ,0,A,M,Larceny,Petit Larceny                                               ,6,Completed,* No Weapon Specified *,All Other Larcenies,Hospital,263,Genesee,3
-77.6417461191331,43.1508618866832,98158,"140 West Ave, Rochester, NY, 14611",140 WEST AVE,2021-00041088,2021,3,0200,2021/03/06 02:00:00+00,2021,3,0800,2021/03/06 08:00:00+00,2021,3,1630,2021/03/06 21:30:00+00,140 WEST AVE,Rochester,NY,203,Genesee,Office,PL ,155.30   ,04    ,4,E,F,Larceny,Grand Larceny 4th: Credit Card                              ,6,Completed,* No Weapon Specified *,Theft from Motor Vehicle,Parking Lot,203,Genesee,3
-77.619792946725,43.1424761637732,99577,"679 S Plymouth Ave, Rochester, NY, 14608",679 S PLYMOUTH AVE,2021-00039741,2021,3,1000,2021/03/03 10:00:00+00,2021,3,1530,2021/03/04 15:30:00+00,2021,3,1600,2021/03/04 21:00:00+00,679 S PLYMOUTH AVE,Rochester,NY,233,Genesee,Warrant Application,PL ,165.05   ,01    ,3,A,M,Motor Vehicle Theft,Unauthorized Use of a Vehicle: Without Owner Consent        ,7,Completed,* No Weapon Specified *,Motor Vehicle Theft,Multiple Dwelling,233,Genesee,3
-77.6333454565903,43.159248690862,100197,"487 Jay St, Rochester, NY, 14611",487 JAY ST,2021-00039430,2021,3,1800,2021/03/03 18:00:00+00,2021,3,0630,2021/03/04 06:30:00+00,2021,3,0700,2021/03/04 12:00:00+00,487 JAY ST,Rochester,NY,291,Lake,Office,PL ,155.25   ,      ,0,A,M,Larceny,Petit Larceny                                               ,6,Completed,* No Weapon Specified *,Theft from Motor Vehicle,Other Outside Location,291,Lake,1
-77.618259872541,43.1865218983752,100284,"210 Norton St, Rochester, NY, 14621",210 NORTON ST,2021-00039713,2021,3,0352,2021/03/04 03:52:00+00,2021,3,0352,2021/03/04 03:52:00+00,2021,3,1344,2021/03/04 18:44:00+00,210 NORTON ST,Rochester,NY,217,Clinton,Office,PL ,140.25   ,02    ,2,C,F,Burglary,Burglary 2nd: Illegal Entry: Dwelling                       ,5,Completed,* No Weapon Specified *,* No Larceny Type Specified *,Single Family Home,217,Clinton,7
-77.6411554225309,43.1685430349527,100946,"182 Myrtle St, Rochester, NY, 14606",182 MYRTLE ST,2021-00041712,2021,3,1831,2021/03/07 18:31:00+00,2021,3,1831,2021/03/07 18:31:00+00,2021,3,1831,2021/03/07 23:31:00+00,182 MYRTLE ST,Rochester,NY,261,Lake,Cleared by Arrest - Adult,PL ,120.14   ,01    ,2,A,M,Aggravated Assault,Menacing 2nd: Weapon                                        ,4,Completed,Knife/Cutting Instrument,* No Larceny Type Specified *,Single Family Home,261,Lake,1
-77.610291859916,43.175900028654,101813,"38 Remington St, Rochester, NY, 14621",38 REMINGTON ST,2021-00040193,2021,3,0850,2021/03/05 08:50:00+00,2021,3,0850,2021/03/05 08:50:00+00,2021,3,0850,2021/03/05 13:50:00+00,38 REMINGTON ST,Rochester,NY,247,Clinton,Cleared by Arrest - Adult,PL ,120.10   ,01    ,1,B,F,Aggravated Assault,Assault 1st: Intent To Cause Serious Injury With Weapon     ,4,Completed,Knife/Cutting Instrument,* No Larceny Type Specified *,Single Family Home,247,Clinton,7
-77.640397110804,43.1561459377804,103366,"427 Wilder St, Rochester, NY, 14611",427 WILDER ST,2021-00043467,2021,3,2200,2021/03/02 22:00:00+00,2021,3,0930,2021/03/03 09:30:00+00,2021,3,1050,2021/03/10 15:50:00+00,427 WILDER ST,Rochester,NY,203,Genesee,Office,PL ,155.25   ,      ,0,A,M,Larceny,Petit Larceny                                               ,6,Completed,* No Weapon Specified *,Theft from Motor Vehicle,Other Outside Location,203,Genesee,3
-77.5697992762,43.167716702203,103732,"185 Denver St, Rochester, NY, 14609",185 DENVER ST,2021-00044963,2021,3,1738,2021/03/11 17:38:00+00,2021,3,1738,2021/03/11 17:38:00+00,2021,3,1738,2021/03/11 22:38:00+00,185 DENVER ST,Rochester,NY,215,Goodman,Field,PL ,155.30   ,08    ,4,E,F,Motor Vehicle Theft,Grand Larceny 4th: Motor Vehicle Value Exceeds $100         ,7,Completed,* No Weapon Specified *,Motor Vehicle Theft,Parking Lot,215,Goodman,5
